/*
 Navicat Premium Data Transfer

 Source Server         : localhost_3306
 Source Server Type    : MySQL
 Source Server Version : 80035
 Source Host           : localhost:3306
 Source Schema         : water_manager

 Target Server Type    : MySQL
 Target Server Version : 80035
 File Encoding         : 65001

 Date: 25/06/2024 16:18:50
*/

SET NAMES utf8mb4;
SET FOREIGN_KEY_CHECKS = 0;

-- ----------------------------
-- Table structure for czdlxxb
-- ----------------------------
DROP TABLE IF EXISTS `czdlxxb`;
CREATE TABLE `czdlxxb`  (
  `STCD` char(8) CHARACTER SET utf8mb4 COLLATE utf8mb4_0900_ai_ci NOT NULL,
  `STLC` char(50) CHARACTER SET utf8mb4 COLLATE utf8mb4_0900_ai_ci NULL DEFAULT NULL,
  `LGTD` decimal(12, 9) UNSIGNED NULL DEFAULT NULL,
  `LTTD` decimal(11, 9) NULL DEFAULT NULL,
  `NT` varchar(200) CHARACTER SET utf8mb4 COLLATE utf8mb4_0900_ai_ci NULL DEFAULT NULL,
  PRIMARY KEY (`STCD`) USING BTREE
) ENGINE = InnoDB CHARACTER SET = utf8mb4 COLLATE = utf8mb4_0900_ai_ci ROW_FORMAT = Dynamic;

-- ----------------------------
-- Records of czdlxxb
-- ----------------------------
INSERT INTO `czdlxxb` VALUES ('10400001', '湖北省宜昌市三峡', 111.347640000, 30.623500000, NULL);
INSERT INTO `czdlxxb` VALUES ('10400002', '湖北省宜昌市三峡', 173.259981056, 30.446081533, NULL);
INSERT INTO `czdlxxb` VALUES ('10400003', '湖北省宜昌市三峡', 175.418739236, 43.343797873, NULL);
INSERT INTO `czdlxxb` VALUES ('10400004', '湖北省宜昌市三峡', 157.618915022, 38.304935472, NULL);
INSERT INTO `czdlxxb` VALUES ('10400005', '湖北省宜昌市三峡', 174.636381665, 37.536976347, NULL);
INSERT INTO `czdlxxb` VALUES ('10400006', '湖北省宜昌市三峡', 158.912037287, 34.785889576, NULL);
INSERT INTO `czdlxxb` VALUES ('10400007', '湖北省宜昌市三峡', 197.183593796, 17.401648545, NULL);
INSERT INTO `czdlxxb` VALUES ('10400008', '湖北省宜昌市三峡', 158.306008198, 36.478549181, NULL);
INSERT INTO `czdlxxb` VALUES ('10400009', '湖北省宜昌市三峡', 146.986778698, 42.101568060, NULL);
INSERT INTO `czdlxxb` VALUES ('1040001', '湖北省宜昌市三峡', 167.129550843, 33.516624721, NULL);
INSERT INTO `czdlxxb` VALUES ('10400011', '湖北省宜昌市三峡', 116.813012881, 42.403270624, NULL);
INSERT INTO `czdlxxb` VALUES ('10400012', '湖北省宜昌市三峡', 139.272724315, 44.013681253, NULL);
INSERT INTO `czdlxxb` VALUES ('10400013', '湖北省宜昌市三峡', 175.702753671, 27.655436569, NULL);
INSERT INTO `czdlxxb` VALUES ('10400014', '湖北省宜昌市三峡', 161.280584818, 18.435481289, NULL);
INSERT INTO `czdlxxb` VALUES ('10400015', '湖北省宜昌市三峡', 182.379530425, 43.913354772, NULL);
INSERT INTO `czdlxxb` VALUES ('10400016', '湖北省宜昌市三峡', 101.840414318, 41.021526484, NULL);
INSERT INTO `czdlxxb` VALUES ('10400017', '湖北省宜昌市三峡', 170.573746617, 28.401124292, NULL);
INSERT INTO `czdlxxb` VALUES ('10400018', '湖北省宜昌市三峡', 108.184399326, 45.764847792, NULL);
INSERT INTO `czdlxxb` VALUES ('10400019', '湖北省宜昌市三峡', 194.093966392, 37.241852496, NULL);
INSERT INTO `czdlxxb` VALUES ('1040002', '湖北省宜昌市三峡', 185.103688545, 29.993167105, NULL);
INSERT INTO `czdlxxb` VALUES ('10400021', '湖北省宜昌市三峡', 109.715523158, 31.278801155, NULL);
INSERT INTO `czdlxxb` VALUES ('10400022', '湖北省宜昌市三峡', 164.019164877, 41.330615493, NULL);
INSERT INTO `czdlxxb` VALUES ('10400023', '湖北省宜昌市三峡', 113.349676359, 21.516887555, NULL);
INSERT INTO `czdlxxb` VALUES ('10400024', '湖北省宜昌市三峡', 109.351176159, 33.424728136, NULL);
INSERT INTO `czdlxxb` VALUES ('10400025', '湖北省宜昌市三峡', 135.857539537, 19.707307534, NULL);
INSERT INTO `czdlxxb` VALUES ('10400026', '湖北省宜昌市三峡', 183.760681641, 45.573371638, NULL);
INSERT INTO `czdlxxb` VALUES ('10400027', '湖北省宜昌市三峡', 151.569717118, 21.479064272, NULL);
INSERT INTO `czdlxxb` VALUES ('10400028', '湖北省宜昌市三峡', 190.520768088, 34.581447383, NULL);
INSERT INTO `czdlxxb` VALUES ('10400029', '湖北省宜昌市三峡', 102.562457428, 44.380327278, NULL);
INSERT INTO `czdlxxb` VALUES ('1040003', '湖北省宜昌市三峡', 136.586814217, 43.929429954, NULL);
INSERT INTO `czdlxxb` VALUES ('10400031', '湖北省宜昌市三峡', 115.163300483, 28.215099432, NULL);
INSERT INTO `czdlxxb` VALUES ('10400032', '湖北省宜昌市三峡', 153.301894727, 41.249149916, NULL);
INSERT INTO `czdlxxb` VALUES ('10400033', '湖北省宜昌市三峡', 131.477900231, 44.114306768, NULL);
INSERT INTO `czdlxxb` VALUES ('10400034', '湖北省宜昌市三峡', 168.872638727, 20.084874078, NULL);
INSERT INTO `czdlxxb` VALUES ('10400035', '湖北省宜昌市三峡', 186.527416114, 28.498698440, NULL);
INSERT INTO `czdlxxb` VALUES ('10400036', '湖北省宜昌市三峡', 100.376139510, 30.354673087, NULL);
INSERT INTO `czdlxxb` VALUES ('10400037', '湖北省宜昌市三峡', 194.271434532, 37.456852766, NULL);
INSERT INTO `czdlxxb` VALUES ('10400038', '湖北省宜昌市三峡', 130.295468102, 22.057244760, NULL);
INSERT INTO `czdlxxb` VALUES ('10400039', '湖北省宜昌市三峡', 151.884329379, 25.843584751, NULL);
INSERT INTO `czdlxxb` VALUES ('1040004', '湖北省宜昌市三峡', 113.570018239, 41.492234474, NULL);
INSERT INTO `czdlxxb` VALUES ('10400041', '湖北省宜昌市三峡', 124.433777443, 36.705515823, NULL);
INSERT INTO `czdlxxb` VALUES ('10400042', '湖北省宜昌市三峡', 144.005737641, 18.058893235, NULL);
INSERT INTO `czdlxxb` VALUES ('10400043', '湖北省宜昌市三峡', 191.297914792, 33.663497326, NULL);
INSERT INTO `czdlxxb` VALUES ('10400044', '湖北省宜昌市三峡', 166.689631898, 42.275974956, NULL);
INSERT INTO `czdlxxb` VALUES ('10400045', '湖北省宜昌市三峡', 161.132913510, 28.007675508, NULL);
INSERT INTO `czdlxxb` VALUES ('10400046', '湖北省宜昌市三峡', 101.115429714, 45.272369853, NULL);
INSERT INTO `czdlxxb` VALUES ('10400047', '湖北省宜昌市三峡', 164.855949355, 45.628886265, NULL);
INSERT INTO `czdlxxb` VALUES ('10400048', '湖北省宜昌市三峡', 123.392973380, 41.192433457, NULL);
INSERT INTO `czdlxxb` VALUES ('230624', '江苏省南京市河海大学', 116.813012881, 42.403270624, NULL);
INSERT INTO `czdlxxb` VALUES ('230625', '湖北省宜昌市三', 116.813012882, 42.403270625, NULL);
INSERT INTO `czdlxxb` VALUES ('60106800', '湖北省宜昌市三峡', 133.122355883, 23.396445665, NULL);
INSERT INTO `czdlxxb` VALUES ('60106860', '湖北省宜昌市三峡', 0.856092015, 29.228356330, NULL);
INSERT INTO `czdlxxb` VALUES ('60106900', '湖北省宜昌市三峡', 112.962006996, 5.154550007, NULL);
INSERT INTO `czdlxxb` VALUES ('60107000', '湖北省宜昌市三峡', 114.617580326, 18.063353618, NULL);
INSERT INTO `czdlxxb` VALUES ('60107040', '湖北省宜昌市三峡', 137.316627187, 16.376208832, NULL);
INSERT INTO `czdlxxb` VALUES ('60107070', '湖北省宜昌市三峡', 112.801588890, 10.621704294, NULL);
INSERT INTO `czdlxxb` VALUES ('60107080', '湖北省宜昌市三峡', 139.009962299, 8.114343976, NULL);
INSERT INTO `czdlxxb` VALUES ('60107100', '湖北省宜昌市三峡', 102.762171856, 5.865152827, NULL);
INSERT INTO `czdlxxb` VALUES ('60107110', '湖北省宜昌市三峡', 159.619461509, 5.788566792, NULL);
INSERT INTO `czdlxxb` VALUES ('60107120', '湖北省宜昌市三峡', 114.753847202, 17.685797190, NULL);
INSERT INTO `czdlxxb` VALUES ('60107170', '湖北省宜昌市三峡', 59.417696533, 25.477255906, NULL);
INSERT INTO `czdlxxb` VALUES ('60107265', '湖北省宜昌市三峡', 152.837990334, 10.091804949, NULL);
INSERT INTO `czdlxxb` VALUES ('60107270', '湖北省宜昌市三峡', 143.327868414, 4.557271330, NULL);
INSERT INTO `czdlxxb` VALUES ('60107300', '湖北省宜昌市三峡', 17.387560056, 29.827251079, NULL);
INSERT INTO `czdlxxb` VALUES ('60107310', '湖北省宜昌市三峡', 116.292117349, 7.857046201, NULL);
INSERT INTO `czdlxxb` VALUES ('60107315', '湖北省宜昌市三峡', 175.798343875, 15.046680984, NULL);
INSERT INTO `czdlxxb` VALUES ('60107320', '湖北省宜昌市三峡', 118.210301614, 1.182118966, NULL);
INSERT INTO `czdlxxb` VALUES ('60107330', '湖北省宜昌市三峡', 159.808395710, 0.936663465, NULL);
INSERT INTO `czdlxxb` VALUES ('60107335', '湖北省宜昌市三峡', 156.245729954, 15.189495731, NULL);
INSERT INTO `czdlxxb` VALUES ('60107340', '湖北省宜昌市三峡', 192.780272150, 10.949558071, NULL);
INSERT INTO `czdlxxb` VALUES ('60180200', '湖北省宜昌市三峡', 8.470877589, 8.718717319, NULL);
INSERT INTO `czdlxxb` VALUES ('60180205', '湖北省宜昌市三峡', 59.414283963, 21.827073082, NULL);
INSERT INTO `czdlxxb` VALUES ('60190050', '湖北省宜昌市三峡', 12.240616957, 2.258265126, NULL);
INSERT INTO `czdlxxb` VALUES ('60514310', '湖北省宜昌市三峡', 185.212449569, 21.779231762, NULL);
INSERT INTO `czdlxxb` VALUES ('60514390', '湖北省宜昌市三峡', 111.694533883, 12.134397945, NULL);
INSERT INTO `czdlxxb` VALUES ('60540350', '湖北省宜昌市三峡', 150.080670348, 14.060018643, NULL);
INSERT INTO `czdlxxb` VALUES ('60980100', '湖北省宜昌市三峡', 111.234600000, 30.340400000, NULL);
INSERT INTO `czdlxxb` VALUES ('60980200', '湖北省宜昌市三峡', 109.446848083, 23.544234874, NULL);
INSERT INTO `czdlxxb` VALUES ('675000', '湖北省宜昌市三', 116.813012882, 42.403270625, NULL);

-- ----------------------------
-- Table structure for czglxxygb
-- ----------------------------
DROP TABLE IF EXISTS `czglxxygb`;
CREATE TABLE `czglxxygb`  (
  `STCD` char(8) CHARACTER SET utf8mb4 COLLATE utf8mb4_0900_ai_ci NOT NULL,
  `BGTM` date NULL DEFAULT NULL,
  `ENDTM` date NULL DEFAULT NULL,
  `RVCD` char(8) CHARACTER SET utf8mb4 COLLATE utf8mb4_0900_ai_ci NOT NULL,
  `ADDVCD` char(6) CHARACTER SET utf8mb4 COLLATE utf8mb4_0900_ai_ci NOT NULL,
  `WRRGCD` char(7) CHARACTER SET utf8mb4 COLLATE utf8mb4_0900_ai_ci NULL DEFAULT NULL,
  `WFRCD` char(14) CHARACTER SET utf8mb4 COLLATE utf8mb4_0900_ai_ci NULL DEFAULT NULL,
  `ADMNSTCD` char(10) CHARACTER SET utf8mb4 COLLATE utf8mb4_0900_ai_ci NULL DEFAULT NULL,
  `MNAG` char(10) CHARACTER SET utf8mb4 COLLATE utf8mb4_0900_ai_ci NULL DEFAULT NULL,
  `NT` char(200) CHARACTER SET utf8mb4 COLLATE utf8mb4_0900_ai_ci NULL DEFAULT NULL,
  PRIMARY KEY (`STCD`) USING BTREE,
  INDEX `1`(`RVCD`) USING BTREE,
  CONSTRAINT `河流` FOREIGN KEY (`RVCD`) REFERENCES `hljbxxb` (`RVCD`) ON DELETE CASCADE ON UPDATE CASCADE
) ENGINE = InnoDB CHARACTER SET = utf8mb4 COLLATE = utf8mb4_0900_ai_ci ROW_FORMAT = Dynamic;

-- ----------------------------
-- Records of czglxxygb
-- ----------------------------
INSERT INTO `czglxxygb` VALUES ('230624', '2004-08-15', '2023-10-28', '123312', '123455', NULL, NULL, NULL, NULL, NULL);
INSERT INTO `czglxxygb` VALUES ('230625', '2004-08-16', '2023-06-28', '123311', '123456', NULL, NULL, NULL, NULL, NULL);
INSERT INTO `czglxxygb` VALUES ('60106800', '2005-02-20', '2022-11-20', '20105060', '648259', '2134958', '23011548462310', '648259', '3654870145', NULL);
INSERT INTO `czglxxygb` VALUES ('60106860', '2005-01-26', '2022-10-26', '20105060', '648259', '2134958', '23011548462310', '648259', '3654870145', NULL);
INSERT INTO `czglxxygb` VALUES ('60106900', '2005-02-17', '2022-11-17', '20105060', '648259', '2134958', '23011548462310', '648259', '3654870145', NULL);
INSERT INTO `czglxxygb` VALUES ('60107000', '2005-02-18', '2022-11-18', '20105060', '648259', '2134958', '23011548462310', '648259', '3654870145', NULL);
INSERT INTO `czglxxygb` VALUES ('60107040', '2005-02-12', '2022-11-12', '20105060', '648259', '2134958', '23011548462310', '648259', '3654870145', NULL);
INSERT INTO `czglxxygb` VALUES ('60107070', '2005-02-23', '2022-11-23', '20105060', '648259', '2134958', '23011548462310', '648259', '3654870145', NULL);
INSERT INTO `czglxxygb` VALUES ('60107080', '2005-02-14', '2022-11-14', '20105060', '648259', '2134958', '23011548462310', '648259', '3654870145', NULL);
INSERT INTO `czglxxygb` VALUES ('60107100', '2005-01-25', '2022-10-25', '20105060', '648259', '2134958', '23011548462310', '648259', '3654870145', NULL);
INSERT INTO `czglxxygb` VALUES ('60107110', '2005-02-22', '2022-11-22', '20105060', '648259', '2134958', '23011548462310', '648259', '3654870145', NULL);
INSERT INTO `czglxxygb` VALUES ('60107120', '2005-02-13', '2022-11-13', '20105060', '648259', '2134958', '23011548462310', '648259', '3654870145', NULL);
INSERT INTO `czglxxygb` VALUES ('60107170', '2005-01-27', '2022-10-27', '20105060', '648259', '2134958', '23011548462310', '648259', '3654870145', NULL);
INSERT INTO `czglxxygb` VALUES ('60107265', '2005-02-05', '2022-11-05', '20105060', '648259', '2134958', '23011548462310', '648259', '3654870145', NULL);
INSERT INTO `czglxxygb` VALUES ('60107270', '2005-02-21', '2022-11-21', '20105060', '648259', '2134958', '23011548462310', '648259', '3654870145', NULL);
INSERT INTO `czglxxygb` VALUES ('60107300', '2005-01-29', '2022-10-29', '20105060', '648259', '2134958', '23011548462310', '648259', '3654870145', NULL);
INSERT INTO `czglxxygb` VALUES ('60107310', '2005-02-06', '2022-11-06', '20105060', '648259', '2134958', '23011548462310', '648259', '3654870145', NULL);
INSERT INTO `czglxxygb` VALUES ('60107315', '2005-02-07', '2022-11-07', '20105060', '648259', '2134958', '23011548462310', '648259', '3654870145', NULL);
INSERT INTO `czglxxygb` VALUES ('60107320', '2005-02-08', '2022-11-08', '20105060', '648259', '2134958', '23011548462310', '648259', '3654870145', NULL);
INSERT INTO `czglxxygb` VALUES ('60107330', '2005-02-09', '2022-11-09', '20105060', '648259', '2134958', '23011548462310', '648259', '3654870145', NULL);
INSERT INTO `czglxxygb` VALUES ('60107335', '2005-02-10', '2022-11-10', '20105060', '648259', '2134958', '23011548462310', '648259', '3654870145', NULL);
INSERT INTO `czglxxygb` VALUES ('60107340', '2005-02-11', '2022-11-11', '20105060', '648259', '2134958', '23011548462310', '648259', '3654870145', NULL);
INSERT INTO `czglxxygb` VALUES ('60190050', '2005-01-30', '2022-10-30', '20105060', '648259', '2134958', '23011548462310', '648259', '3654870145', NULL);
INSERT INTO `czglxxygb` VALUES ('60514310', '2005-02-16', '2022-11-16', '20105060', '648259', '2134958', '23011548462310', '648259', '3654870145', NULL);
INSERT INTO `czglxxygb` VALUES ('60514390', '2005-02-15', '2022-11-15', '20105060', '648259', '2134958', '23011548462310', '648259', '3654870145', NULL);
INSERT INTO `czglxxygb` VALUES ('60540350', '2005-02-24', '2022-11-24', '20105060', '648259', '2134958', '23011548462310', '648259', '3654870145', NULL);
INSERT INTO `czglxxygb` VALUES ('60980100', '2005-01-31', '2022-10-31', '20105060', '648259', '2134958', '23011548462310', '648259', '3654870145', NULL);
INSERT INTO `czglxxygb` VALUES ('60980200', '2005-02-01', '2022-11-01', '20105060', '648259', '2134958', '23011548462310', '648259', '3654870145', NULL);

-- ----------------------------
-- Table structure for czylb
-- ----------------------------
DROP TABLE IF EXISTS `czylb`;
CREATE TABLE `czylb`  (
  `STCD` char(8) CHARACTER SET utf8mb4 COLLATE utf8mb4_0900_ai_ci NOT NULL,
  `STNM` char(30) CHARACTER SET utf8mb4 COLLATE utf8mb4_0900_ai_ci NOT NULL,
  `STTP` char(4) CHARACTER SET utf8mb4 COLLATE utf8mb4_0900_ai_ci NULL DEFAULT NULL,
  `NT` varchar(200) CHARACTER SET utf8mb4 COLLATE utf8mb4_0900_ai_ci NULL DEFAULT NULL,
  PRIMARY KEY (`STCD`, `STNM`) USING BTREE,
  CONSTRAINT `测站编码` FOREIGN KEY (`STCD`) REFERENCES `czglxxygb` (`STCD`) ON DELETE CASCADE ON UPDATE CASCADE
) ENGINE = InnoDB CHARACTER SET = utf8mb4 COLLATE = utf8mb4_0900_ai_ci ROW_FORMAT = Dynamic;

-- ----------------------------
-- Records of czylb
-- ----------------------------
INSERT INTO `czylb` VALUES ('230624', '河海大学', '1035', NULL);
INSERT INTO `czylb` VALUES ('60106860', '庙河', '1070', NULL);
INSERT INTO `czylb` VALUES ('60106900', '太平溪㈡', '1070', NULL);
INSERT INTO `czylb` VALUES ('60107000', '茅坪㈡', '1070', NULL);
INSERT INTO `czylb` VALUES ('60107040', 'SW07', '1070', NULL);
INSERT INTO `czylb` VALUES ('60107070', '中隔岛', '1070', NULL);
INSERT INTO `czylb` VALUES ('60107080', '箱涵出口', '1070', NULL);
INSERT INTO `czylb` VALUES ('60107100', '三斗坪㈡', '1070', NULL);
INSERT INTO `czylb` VALUES ('60107110', '覃家沱㈡', '1070', NULL);
INSERT INTO `czylb` VALUES ('60107120', '西陵桥（右）', '1070', NULL);
INSERT INTO `czylb` VALUES ('60107170', '黄陵庙（陡）', '1070', NULL);
INSERT INTO `czylb` VALUES ('60107265', '李家河', '1070', NULL);
INSERT INTO `czylb` VALUES ('60107270', '庙咀', '1070', NULL);
INSERT INTO `czylb` VALUES ('60107300', '宜昌', '1070', NULL);
INSERT INTO `czylb` VALUES ('60107310', '宝塔河', '1070', NULL);
INSERT INTO `czylb` VALUES ('60107315', '胭脂坝', '1070', NULL);
INSERT INTO `czylb` VALUES ('60107320', '艾家镇', '1070', NULL);
INSERT INTO `czylb` VALUES ('60107330', '磨盘溪', '1070', NULL);
INSERT INTO `czylb` VALUES ('60107335', '虎牙滩', '1070', NULL);
INSERT INTO `czylb` VALUES ('60107340', '杨家咀', '1070', NULL);
INSERT INTO `czylb` VALUES ('60190050', '宜昌', '1070', NULL);
INSERT INTO `czylb` VALUES ('60514310', '香溪河口', '170', NULL);
INSERT INTO `czylb` VALUES ('60514390', '青港河口', '1070', NULL);
INSERT INTO `czylb` VALUES ('60540350', '宜昌蒸发', '1070', NULL);
INSERT INTO `czylb` VALUES ('60980100', '晓溪塔', '1070', NULL);
INSERT INTO `czylb` VALUES ('60980200', '夜明珠', '1070', NULL);

-- ----------------------------
-- Table structure for hljbxxb
-- ----------------------------
DROP TABLE IF EXISTS `hljbxxb`;
CREATE TABLE `hljbxxb`  (
  `RVCD` char(8) CHARACTER SET utf8mb4 COLLATE utf8mb4_0900_ai_ci NOT NULL,
  `RVNM` char(32) CHARACTER SET utf8mb4 COLLATE utf8mb4_0900_ai_ci NOT NULL,
  `HNNM` char(32) CHARACTER SET utf8mb4 COLLATE utf8mb4_0900_ai_ci NOT NULL,
  `BSHNNM` char(32) CHARACTER SET utf8mb4 COLLATE utf8mb4_0900_ai_ci NULL DEFAULT NULL,
  `NT` char(200) CHARACTER SET utf8mb4 COLLATE utf8mb4_0900_ai_ci NULL DEFAULT NULL,
  PRIMARY KEY (`RVCD`) USING BTREE
) ENGINE = InnoDB CHARACTER SET = utf8mb4 COLLATE = utf8mb4_0900_ai_ci ROW_FORMAT = Dynamic;

-- ----------------------------
-- Records of hljbxxb
-- ----------------------------
INSERT INTO `hljbxxb` VALUES ('', '', '', NULL, NULL);
INSERT INTO `hljbxxb` VALUES ('123311', '太平洋', '中央水系', NULL, NULL);
INSERT INTO `hljbxxb` VALUES ('123312', '河海', '河海水系', NULL, NULL);
INSERT INTO `hljbxxb` VALUES ('20001000', '长江', '长江水系', '长江流域', NULL);
INSERT INTO `hljbxxb` VALUES ('20105060', '黄河', '黄河水系', '黄河流域', NULL);
INSERT INTO `hljbxxb` VALUES ('654', '太平洋', '中央水系', NULL, NULL);

-- ----------------------------
-- Table structure for smzflgccxxb
-- ----------------------------
DROP TABLE IF EXISTS `smzflgccxxb`;
CREATE TABLE `smzflgccxxb`  (
  `HYEVEA` char(20) CHARACTER SET utf8mb4 COLLATE utf8mb4_0900_ai_ci NOT NULL,
  `CHDAY` date NULL DEFAULT NULL,
  `CHGCND` char(10) CHARACTER SET utf8mb4 COLLATE utf8mb4_0900_ai_ci NULL DEFAULT NULL,
  `ESLCCH` char(4) CHARACTER SET utf8mb4 COLLATE utf8mb4_0900_ai_ci NULL DEFAULT NULL,
  `EETP` char(30) CHARACTER SET utf8mb4 COLLATE utf8mb4_0900_ai_ci NULL DEFAULT NULL,
  `NBTPG` varchar(200) CHARACTER SET utf8mb4 COLLATE utf8mb4_0900_ai_ci NULL DEFAULT NULL,
  `ARSTOB` varchar(200) CHARACTER SET utf8mb4 COLLATE utf8mb4_0900_ai_ci NULL DEFAULT NULL,
  `ADMNST` char(10) CHARACTER SET utf8mb4 COLLATE utf8mb4_0900_ai_ci NULL DEFAULT NULL,
  `NT` varchar(200) CHARACTER SET utf8mb4 COLLATE utf8mb4_0900_ai_ci NULL DEFAULT NULL,
  PRIMARY KEY (`HYEVEA`) USING BTREE
) ENGINE = InnoDB CHARACTER SET = utf8mb4 COLLATE = utf8mb4_0900_ai_ci ROW_FORMAT = Dynamic;

-- ----------------------------
-- Records of smzflgccxxb
-- ----------------------------
INSERT INTO `smzflgccxxb` VALUES ('2.01050689145569e+19', '2010-12-23', '无明显变化', '1000', 'E-601B、20㎡蒸发池、80cm蒸发盆、20cm蒸发皿', '无', '无', '648259', NULL);

-- ----------------------------
-- Table structure for smzflgccygb
-- ----------------------------
DROP TABLE IF EXISTS `smzflgccygb`;
CREATE TABLE `smzflgccygb`  (
  `STCD` char(8) CHARACTER SET utf8mb4 COLLATE utf8mb4_0900_ai_ci NOT NULL,
  `HYEVEA` char(20) CHARACTER SET utf8mb4 COLLATE utf8mb4_0900_ai_ci NOT NULL,
  `CHDAY` date NULL DEFAULT NULL,
  `NT` varchar(200) CHARACTER SET utf8mb4 COLLATE utf8mb4_0900_ai_ci NULL DEFAULT NULL,
  PRIMARY KEY (`STCD`) USING BTREE,
  INDEX `1`(`HYEVEA`) USING BTREE,
  CONSTRAINT `1` FOREIGN KEY (`HYEVEA`) REFERENCES `smzflgccxxb` (`HYEVEA`) ON DELETE CASCADE ON UPDATE CASCADE
) ENGINE = InnoDB CHARACTER SET = utf8mb4 COLLATE = utf8mb4_0900_ai_ci ROW_FORMAT = Dynamic;

-- ----------------------------
-- Records of smzflgccygb
-- ----------------------------
INSERT INTO `smzflgccygb` VALUES ('60540350', '2.01050689145569e+19', '2010-12-23', NULL);

SET FOREIGN_KEY_CHECKS = 1;

# 管理员表
DROP TABLE IF EXISTS `administrator`;
create table administrator
(
    id       int auto_increment
        primary key,
    username varchar(20)   not null comment '用户名',
    password varchar(20)   not null comment '密码',
    level    int default 1 not null comment '权限等级',
    constraint administrator_pk
        unique (username)
);

# 管理员数据
insert into administrator(username, password, level) values ('root', '123456', 2), ('zhangsan', '0123456', 1);

INSERT INTO hljbxxb VALUES ('60107320', '长江', '长江中游干流', '长江流域', 'NULL');
INSERT INTO hljbxxb VALUES ('60106720', '长江', '长江上游下段', '长江流域', 'NULL');
INSERT INTO hljbxxb VALUES ('60107140', '长江', '长江上游下段', '长江流域', 'NULL');
INSERT INTO hljbxxb VALUES ('60107310', '长江', '长江中游干流', '长江流域', 'NULL');
INSERT INTO hljbxxb VALUES ('60107191', '长江', '长江上游下段', '长江流域', 'NULL');
INSERT INTO hljbxxb VALUES ('20105060', '长江', '长江中游干流', '长江流域', 'NULL');
INSERT INTO hljbxxb VALUES ('60107245', '长江', '长江干流', '长江流域', 'NULL');
INSERT INTO hljbxxb VALUES ('60107255', '长江', '长江中游干流', '长江流域', 'NULL');
INSERT INTO hljbxxb VALUES ('60107260', '长江', '长江中游干流', '长江流域', 'NULL');
INSERT INTO hljbxxb VALUES ('60107335', '长江', '长江干流', '长江流域', 'NULL');
INSERT INTO hljbxxb VALUES ('20105060', '长江', '长江中游干流', '长江流域', 'NULL');
INSERT INTO hljbxxb VALUES ('60107240', '长江', '长江中游干流', '长江流域', 'NULL');
INSERT INTO hljbxxb VALUES ('60107160', '长江', '长江上游下段', '长江流域', 'NULL');
INSERT INTO hljbxxb VALUES ('60107170', '长江', '长江干流', '长江流域', 'NULL');
INSERT INTO hljbxxb VALUES ('60107165', '长江', '长江上游下段', '长江流域', 'NULL');
INSERT INTO hljbxxb VALUES ('60107130', '长江', '长江上游下段', '长江流域', 'NULL');
INSERT INTO hljbxxb VALUES ('60107265', '长江', '长江中游干流', '长江流域', 'NULL');
INSERT INTO hljbxxb VALUES ('60107180', '长江', '长江上游下段', '长江流域', 'NULL');
INSERT INTO hljbxxb VALUES ('60107000', '长江', '长江干流', '长江流域', 'NULL');
INSERT INTO hljbxxb VALUES ('60513500', '梅溪河', '长江上游下段', '长江流域', 'NULL');
INSERT INTO hljbxxb VALUES ('60106860', '长江', '长江干流', '长江流域', 'NULL');
INSERT INTO hljbxxb VALUES ('60107270', '长江', '长江干流', '长江流域', 'NULL');
INSERT INTO hljbxxb VALUES ('60107330', '长江', '长江中游干流', '长江流域', 'NULL');
INSERT INTO hljbxxb VALUES ('60107200', '长江', '长江干流', '长江流域', 'NULL');
INSERT INTO hljbxxb VALUES ('60106610', '长江', '长江上游下段', '长江流域', 'NULL');
INSERT INTO hljbxxb VALUES ('60107195', '长江', '长江上游下段', '长江流域', 'NULL');
INSERT INTO hljbxxb VALUES ('60107100', '长江', '长江干流', '长江流域', 'NULL');
INSERT INTO hljbxxb VALUES ('60107182', '长江', '长江上游下段', '长江流域', 'NULL');
INSERT INTO hljbxxb VALUES ('60107190', '长江', '长江干流', '长江流域', 'NULL');
INSERT INTO hljbxxb VALUES ('60519030', '茅坪下溪', '长江上游下段', '长江流域', 'NULL');
INSERT INTO hljbxxb VALUES ('60106900', '长江', '长江上游下段', '长江流域', 'NULL');
INSERT INTO hljbxxb VALUES ('60107110', '长江', '长江上游下段', '长江流域', 'NULL');
INSERT INTO hljbxxb VALUES ('60106990', '长江', '长江上游下段', '长江流域', 'NULL');
INSERT INTO hljbxxb VALUES ('60107181', '长江', '长江上游下段', '长江流域', 'NULL');
INSERT INTO hljbxxb VALUES ('20105060', '黄柏河', '黄柏河', '长江流域', 'NULL');
INSERT INTO hljbxxb VALUES ('60107315', '长江', '长江中游干流', '长江流域', 'NULL');
INSERT INTO hljbxxb VALUES ('60514070', '沿渡河', '长江上游下段', '长江流域', 'NULL');
INSERT INTO hljbxxb VALUES ('60107340', '长江', '长江中游干流', '长江流域', 'NULL');
INSERT INTO hljbxxb VALUES ('20105060', '黄柏河', '黄柏河', '长江流域', 'NULL');
INSERT INTO hljbxxb VALUES ('60107300', '长江', '长江中游干流', '长江流域', 'NULL');
INSERT INTO hljbxxb VALUES ('20105060', '长江', '长江中游干流', '长江流域', 'NULL');
INSERT INTO hljbxxb VALUES ('20105060', '葛洲坝水库', '长江上游干流', '长江流域', 'NULL');
INSERT INTO hljbxxb VALUES ('60106910', '长江', '长江上游下段', '长江流域', 'NULL');
INSERT INTO hljbxxb VALUES ('60107070', '长江', '长江上游下段', '长江流域', 'NULL');
INSERT INTO hljbxxb VALUES ('60106800', '长江', '长江上游下段', '长江流域', 'NULL');
INSERT INTO czdlxxb VALUES ('10400001', '北京市昌平区', '111.34764', '30.6235', 'NULL');
INSERT INTO czdlxxb VALUES ('10400002', '北京市昌平区', '110.37453', '31.04822', 'NULL');
INSERT INTO czdlxxb VALUES ('10400003', '北京市昌平区', '111.05128', '30.83603', 'NULL');
INSERT INTO czdlxxb VALUES ('10400004', '北京市昌平区', '111.3155', '30.66936', 'NULL');
INSERT INTO czdlxxb VALUES ('10400005', '北京市昌平区', '111.18861', '30.77614', 'NULL');
INSERT INTO czdlxxb VALUES ('10400006', '北京市昌平区', '111.3911278', '30.56734', 'NULL');
INSERT INTO czdlxxb VALUES ('10400007', '北京市昌平区', '111.27908', '30.73986', 'NULL');
INSERT INTO czdlxxb VALUES ('10400008', '北京市昌平区', '111.27592', '30.73181', 'NULL');
INSERT INTO czdlxxb VALUES ('10400009', '北京市昌平区', '111.25969', '30.73483', 'NULL');
INSERT INTO czdlxxb VALUES ('1040001', '北京市昌平区', '110.311944', '31.0425', 'NULL');
INSERT INTO czdlxxb VALUES ('10400011', '北京市昌平区', '111.39706', '30.56606', 'NULL');
INSERT INTO czdlxxb VALUES ('10400012', '北京市昌平区', '111.396111', '30.567778', 'NULL');
INSERT INTO czdlxxb VALUES ('10400013', '北京市昌平区', '111.28739', '30.74086', 'NULL');
INSERT INTO czdlxxb VALUES ('10400014', '北京市昌平区', '111.07153', '30.84019', 'NULL');
INSERT INTO czdlxxb VALUES ('10400015', '北京市昌平区', '111.11603', '30.85011', 'NULL');
INSERT INTO czdlxxb VALUES ('10400016', '北京市昌平区', '111.08272', '30.85697', 'NULL');
INSERT INTO czdlxxb VALUES ('10400017', '北京市昌平区', '111.05772', '30.82958', 'NULL');
INSERT INTO czdlxxb VALUES ('10400018', '北京市昌平区', '111.25767', '30.71356', 'NULL');
INSERT INTO czdlxxb VALUES ('10400019', '北京市昌平区', '111.1465', '30.84719', 'NULL');
INSERT INTO czdlxxb VALUES ('1040002', '北京市昌平区', '110.98339', '30.83122', 'NULL');
INSERT INTO czdlxxb VALUES ('10400021', '北京市昌平区', '109.52442', '31.05036', 'NULL');
INSERT INTO czdlxxb VALUES ('10400022', '北京市昌平区', '110.90244', '30.88497', 'NULL');
INSERT INTO czdlxxb VALUES ('10400023', '北京市昌平区', '111.26864', '30.70875', 'NULL');
INSERT INTO czdlxxb VALUES ('10400024', '北京市昌平区', '111.39547', '30.58269', 'NULL');
INSERT INTO czdlxxb VALUES ('10400025', '北京市昌平区', '111.27369', '30.76086', 'NULL');
INSERT INTO czdlxxb VALUES ('10400026', '北京市昌平区', '110.1094889', '31.03435', 'NULL');
INSERT INTO czdlxxb VALUES ('10400027', '北京市昌平区', '111.19017', '30.77139', 'NULL');
INSERT INTO czdlxxb VALUES ('10400028', '北京市昌平区', '111.01936', '30.81567', 'NULL');
INSERT INTO czdlxxb VALUES ('10400029', '北京市昌平区', '111.16253', '30.802', 'NULL');
INSERT INTO czdlxxb VALUES ('1040003', '北京市昌平区', '111.14761', '30.78939', 'NULL');
INSERT INTO czdlxxb VALUES ('10400031', '北京市昌平区', '110.98103', '30.81231', 'NULL');
INSERT INTO czdlxxb VALUES ('10400032', '北京市昌平区', '110.95958', '30.87728', 'NULL');
INSERT INTO czdlxxb VALUES ('10400033', '北京市昌平区', '111.01444', '30.82311', 'NULL');
INSERT INTO czdlxxb VALUES ('10400034', '北京市昌平区', '110.99847', '30.84794', 'NULL');
INSERT INTO czdlxxb VALUES ('10400035', '北京市昌平区', '111.16414', '30.82325', 'NULL');
INSERT INTO czdlxxb VALUES ('10400036', '北京市昌平区', '110.7666667', '30.97311', 'NULL');
INSERT INTO czdlxxb VALUES ('10400037', '北京市昌平区', '111.311111', '30.769444', 'NULL');
INSERT INTO czdlxxb VALUES ('10400038', '北京市昌平区', '111.32764', '30.65847', 'NULL');
INSERT INTO czdlxxb VALUES ('10400039', '北京市昌平区', '110.31964', '31.05914', 'NULL');
INSERT INTO czdlxxb VALUES ('1040004', '北京市昌平区', '111.44508', '30.44611', 'NULL');
INSERT INTO czdlxxb VALUES ('10400041', '北京市昌平区', '111.293889', '30.740556', 'NULL');
INSERT INTO czdlxxb VALUES ('10400042', '北京市昌平区', '111.281', '30.69256', 'NULL');
INSERT INTO czdlxxb VALUES ('10400043', '北京市昌平区', '111.3911278', '30.56734', 'NULL');
INSERT INTO czdlxxb VALUES ('10400044', '北京市昌平区', '111.2714111', '30.75627', 'NULL');
INSERT INTO czdlxxb VALUES ('10400045', '北京市昌平区', '111.3', '30.76666667', 'NULL');
INSERT INTO czdlxxb VALUES ('10400046', '北京市昌平区', '110.95753', '30.86614', 'NULL');
INSERT INTO czdlxxb VALUES ('10400047', '北京市昌平区', '111.03608', '30.82897', 'NULL');
INSERT INTO czdlxxb VALUES ('10400048', '北京市昌平区', '110.71189', '30.97567', 'NULL');
INSERT INTO czglxxygb VALUES ('10400001', '2024-01-01', '2024-12-31', '60107320', '648259', '2134958', '23011548462310', '648259', '3654870145', 'NULL');
INSERT INTO czglxxygb VALUES ('10400002', '2024-01-01', '2024-12-31', '60106720', '648259', '2134958', '23011548462310', '648259', '3654870145', 'NULL');
INSERT INTO czglxxygb VALUES ('10400003', '2024-01-01', '2024-12-31', '60107140', '648259', '2134958', '23011548462310', '648259', '3654870145', 'NULL');
INSERT INTO czglxxygb VALUES ('10400004', '2024-01-01', '2024-12-31', '60107310', '648259', '2134958', '23011548462310', '648259', '3654870145', 'NULL');
INSERT INTO czglxxygb VALUES ('10400005', '2024-01-01', '2024-12-31', '60107191', '648259', '2134958', '23011548462310', '648259', '3654870145', 'NULL');
INSERT INTO czglxxygb VALUES ('10400007', '2024-01-01', '2024-12-31', '60107245', '648259', '2134958', '23011548462310', '648259', '3654870145', 'NULL');
INSERT INTO czglxxygb VALUES ('10400008', '2024-01-01', '2024-12-31', '60107255', '648259', '2134958', '23011548462310', '648259', '3654870145', 'NULL');
INSERT INTO czglxxygb VALUES ('10400009', '2024-01-01', '2024-12-31', '60107260', '648259', '2134958', '23011548462310', '648259', '3654870145', 'NULL');
INSERT INTO czglxxygb VALUES ('10400011', '2024-01-01', '2024-12-31', '60107335', '648259', '2134958', '23011548462310', '648259', '3654870145', 'NULL');
INSERT INTO czglxxygb VALUES ('10400013', '2024-01-01', '2024-12-31', '60107240', '648259', '2134958', '23011548462310', '648259', '3654870145', 'NULL');
INSERT INTO czglxxygb VALUES ('10400014', '2024-01-01', '2024-12-31', '60107160', '648259', '2134958', '23011548462310', '648259', '3654870145', 'NULL');
INSERT INTO czglxxygb VALUES ('10400015', '2024-01-01', '2024-12-31', '60107170', '648259', '2134958', '23011548462310', '648259', '3654870145', 'NULL');
INSERT INTO czglxxygb VALUES ('10400016', '2024-01-01', '2024-12-31', '60107165', '648259', '2134958', '23011548462310', '648259', '3654870145', 'NULL');
INSERT INTO czglxxygb VALUES ('10400017', '2024-01-01', '2024-12-31', '60107130', '648259', '2134958', '23011548462310', '648259', '3654870145', 'NULL');
INSERT INTO czglxxygb VALUES ('10400018', '2024-01-01', '2024-12-31', '60107265', '648259', '2134958', '23011548462310', '648259', '3654870145', 'NULL');
INSERT INTO czglxxygb VALUES ('10400019', '2024-01-01', '2024-12-31', '60107180', '648259', '2134958', '23011548462310', '648259', '3654870145', 'NULL');
INSERT INTO czglxxygb VALUES ('1040002', '2024-01-01', '2024-12-31', '60107000', '648259', '2134958', '23011548462310', '648259', '3654870145', 'NULL');
INSERT INTO czglxxygb VALUES ('10400021', '2024-01-01', '2024-12-31', '60513500', '648259', '2134958', '23011548462310', '648259', '3654870145', 'NULL');
INSERT INTO czglxxygb VALUES ('10400022', '2024-01-01', '2024-12-31', '60106860', '648259', '2134958', '23011548462310', '648259', '3654870145', 'NULL');
INSERT INTO czglxxygb VALUES ('10400023', '2024-01-01', '2024-12-31', '60107270', '648259', '2134958', '23011548462310', '648259', '3654870145', 'NULL');
INSERT INTO czglxxygb VALUES ('10400024', '2024-01-01', '2024-12-31', '60107330', '648259', '2134958', '23011548462310', '648259', '3654870145', 'NULL');
INSERT INTO czglxxygb VALUES ('10400025', '2024-01-01', '2024-12-31', '60107200', '648259', '2134958', '23011548462310', '648259', '3654870145', 'NULL');
INSERT INTO czglxxygb VALUES ('10400026', '2024-01-01', '2024-12-31', '60106610', '648259', '2134958', '23011548462310', '648259', '3654870145', 'NULL');
INSERT INTO czglxxygb VALUES ('10400027', '2024-01-01', '2024-12-31', '60107195', '648259', '2134958', '23011548462310', '648259', '3654870145', 'NULL');
INSERT INTO czglxxygb VALUES ('10400028', '2024-01-01', '2024-12-31', '60107100', '648259', '2134958', '23011548462310', '648259', '3654870145', 'NULL');
INSERT INTO czglxxygb VALUES ('10400029', '2024-01-01', '2024-12-31', '60107182', '648259', '2134958', '23011548462310', '648259', '3654870145', 'NULL');
INSERT INTO czglxxygb VALUES ('1040003', '2024-01-01', '2024-12-31', '60107190', '648259', '2134958', '23011548462310', '648259', '3654870145', 'NULL');
INSERT INTO czglxxygb VALUES ('10400031', '2024-01-01', '2024-12-31', '60519030', '648259', '2134958', '23011548462310', '648259', '3654870145', 'NULL');
INSERT INTO czglxxygb VALUES ('10400032', '2024-01-01', '2024-12-31', '60106900', '648259', '2134958', '23011548462310', '648259', '3654870145', 'NULL');
INSERT INTO czglxxygb VALUES ('10400033', '2024-01-01', '2024-12-31', '60107110', '648259', '2134958', '23011548462310', '648259', '3654870145', 'NULL');
INSERT INTO czglxxygb VALUES ('10400034', '2024-01-01', '2024-12-31', '60106990', '648259', '2134958', '23011548462310', '648259', '3654870145', 'NULL');
INSERT INTO czglxxygb VALUES ('10400035', '2024-01-01', '2024-12-31', '60107181', '648259', '2134958', '23011548462310', '648259', '3654870145', 'NULL');
INSERT INTO czglxxygb VALUES ('10400038', '2024-01-01', '2024-12-31', '60107315', '648259', '2134958', '23011548462310', '648259', '3654870145', 'NULL');
INSERT INTO czglxxygb VALUES ('10400039', '2024-01-01', '2024-12-31', '60514070', '648259', '2134958', '23011548462310', '648259', '3654870145', 'NULL');
INSERT INTO czglxxygb VALUES ('1040004', '2024-01-01', '2024-12-31', '60107340', '648259', '2134958', '23011548462310', '648259', '3654870145', 'NULL');
INSERT INTO czglxxygb VALUES ('10400042', '2024-01-01', '2024-12-31', '60107300', '648259', '2134958', '23011548462310', '648259', '3654870145', 'NULL');
INSERT INTO czglxxygb VALUES ('10400046', '2024-01-01', '2024-12-31', '60106910', '648259', '2134958', '23011548462310', '648259', '3654870145', 'NULL');
INSERT INTO czglxxygb VALUES ('10400047', '2024-01-01', '2024-12-31', '60107070', '648259', '2134958', '23011548462310', '648259', '3654870145', 'NULL');
INSERT INTO czglxxygb VALUES ('10400048', '2024-01-01', '2024-12-31', '60106800', '648259', '2134958', '23011548462310', '648259', '3654870145', 'NULL');
INSERT INTO czylb VALUES ('10400001', '艾家镇', '1070', 'NULL');
INSERT INTO czylb VALUES ('10400002', '巴东', '1070', 'NULL');
INSERT INTO czylb VALUES ('10400003', '坝河口', '1070', 'NULL');
INSERT INTO czylb VALUES ('10400004', '宝塔河', '1070', 'NULL');
INSERT INTO czylb VALUES ('10400005', '风箱沱', '1070', 'NULL');
INSERT INTO czylb VALUES ('10400006', '高阳', '1070', 'NULL');
INSERT INTO czylb VALUES ('10400007', '葛洲坝5#', '1070', 'NULL');
INSERT INTO czylb VALUES ('10400008', '葛洲坝7#', '1070', 'NULL');
INSERT INTO czylb VALUES ('10400009', '葛洲坝8#', '1070', 'NULL');
INSERT INTO czylb VALUES ('1040001', '官渡口', '1070', 'NULL');
INSERT INTO czylb VALUES ('10400011', '虎牙滩', '1070', 'NULL');
INSERT INTO czylb VALUES ('10400012', '虎牙滩（左）', '1070', 'NULL');
INSERT INTO czylb VALUES ('10400013', '黄柏河口', '1070', 'NULL');
INSERT INTO czylb VALUES ('10400014', '黄陵庙', '1070', 'NULL');
INSERT INTO czylb VALUES ('10400015', '黄陵庙(陡)', '1070', 'NULL');
INSERT INTO czylb VALUES ('10400016', '乐天溪', '1070', 'NULL');
INSERT INTO czylb VALUES ('10400017', '雷劈石', '1070', 'NULL');
INSERT INTO czylb VALUES ('10400018', '李家河', '1070', 'NULL');
INSERT INTO czylb VALUES ('10400019', '莲沱', '1070', 'NULL');
INSERT INTO czylb VALUES ('1040002', '茅坪(二)', '1070', 'NULL');
INSERT INTO czylb VALUES ('10400021', '梅溪河口(二)', '1070', 'NULL');
INSERT INTO czylb VALUES ('10400022', '庙河', '1070', 'NULL');
INSERT INTO czylb VALUES ('10400023', '庙咀', '1070', 'NULL');
INSERT INTO czylb VALUES ('10400024', '磨盘溪', '1070', 'NULL');
INSERT INTO czylb VALUES ('10400025', '南津关', '1070', 'NULL');
INSERT INTO czylb VALUES ('10400026', '培石', '1070', 'NULL');
INSERT INTO czylb VALUES ('10400027', '平善坝', '1070', 'NULL');
INSERT INTO czylb VALUES ('10400028', '三斗坪', '1070', 'NULL');
INSERT INTO czylb VALUES ('10400029', '狮子垴', '1070', 'NULL');
INSERT INTO czylb VALUES ('1040003', '石牌', '1070', 'NULL');
INSERT INTO czylb VALUES ('10400031', '隧洞口', '1070', 'NULL');
INSERT INTO czylb VALUES ('10400032', '太平溪(二)', '1070', 'NULL');
INSERT INTO czylb VALUES ('10400033', '覃家沱(二)', '1070', 'NULL');
INSERT INTO czylb VALUES ('10400034', '伍相庙', '1070', 'NULL');
INSERT INTO czylb VALUES ('10400035', '喜滩', '1070', 'NULL');
INSERT INTO czylb VALUES ('10400036', '香溪', '1070', 'NULL');
INSERT INTO czylb VALUES ('10400037', '晓溪塔', '1070', 'NULL');
INSERT INTO czylb VALUES ('10400038', '胭脂坝(二)', '1070', 'NULL');
INSERT INTO czylb VALUES ('10400039', '沿渡河口', '1070', 'NULL');
INSERT INTO czylb VALUES ('1040004', '杨家咀', '1070', 'NULL');
INSERT INTO czylb VALUES ('10400041', '夜明珠', '1070', 'NULL');
INSERT INTO czylb VALUES ('10400042', '宜昌', '1070', 'NULL');
INSERT INTO czylb VALUES ('10400043', '宜昌(虎牙滩)', '1070', 'NULL');
INSERT INTO czylb VALUES ('10400044', '宜昌(南津关)', '1070', 'NULL');
INSERT INTO czylb VALUES ('10400045', '宜昌蒸发', '1070', 'NULL');
INSERT INTO czylb VALUES ('10400046', '银杏沱', '1070', 'NULL');
INSERT INTO czylb VALUES ('10400047', '中隔岛', '1070', 'NULL');
INSERT INTO czylb VALUES ('10400048', '秭归(三)', '1070', 'NULL');
