/*
 Navicat Premium Data Transfer

 Source Server         : localhost_3306
 Source Server Type    : MySQL
 Source Server Version : 80035
 Source Host           : localhost:3306
 Source Schema         : water_manager

 Target Server Type    : MySQL
 Target Server Version : 80035
 File Encoding         : 65001

 Date: 25/06/2024 16:18:50
*/

SET NAMES utf8mb4;
SET FOREIGN_KEY_CHECKS = 0;

-- ----------------------------
-- Table structure for czdlxxb
-- ----------------------------
DROP TABLE IF EXISTS `czdlxxb`;
CREATE TABLE `czdlxxb`  (
  `STCD` char(8) CHARACTER SET utf8mb4 COLLATE utf8mb4_0900_ai_ci NOT NULL,
  `STLC` char(50) CHARACTER SET utf8mb4 COLLATE utf8mb4_0900_ai_ci NULL DEFAULT NULL,
  `LGTD` decimal(12, 9) UNSIGNED NULL DEFAULT NULL,
  `LTTD` decimal(11, 9) NULL DEFAULT NULL,
  `NT` varchar(200) CHARACTER SET utf8mb4 COLLATE utf8mb4_0900_ai_ci NULL DEFAULT NULL,
  PRIMARY KEY (`STCD`) USING BTREE
) ENGINE = InnoDB CHARACTER SET = utf8mb4 COLLATE = utf8mb4_0900_ai_ci ROW_FORMAT = Dynamic;

-- ----------------------------
-- Records of czdlxxb
-- ----------------------------
INSERT INTO `czdlxxb` VALUES ('104.0001', '湖北省宜昌市三峡', 111.347640000, 30.623500000, NULL);
INSERT INTO `czdlxxb` VALUES ('104.0002', '湖北省宜昌市三峡', 173.259981056, 30.446081533, NULL);
INSERT INTO `czdlxxb` VALUES ('104.0003', '湖北省宜昌市三峡', 175.418739236, 43.343797873, NULL);
INSERT INTO `czdlxxb` VALUES ('104.0004', '湖北省宜昌市三峡', 157.618915022, 38.304935472, NULL);
INSERT INTO `czdlxxb` VALUES ('104.0005', '湖北省宜昌市三峡', 174.636381665, 37.536976347, NULL);
INSERT INTO `czdlxxb` VALUES ('104.0006', '湖北省宜昌市三峡', 158.912037287, 34.785889576, NULL);
INSERT INTO `czdlxxb` VALUES ('104.0007', '湖北省宜昌市三峡', 197.183593796, 17.401648545, NULL);
INSERT INTO `czdlxxb` VALUES ('104.0008', '湖北省宜昌市三峡', 158.306008198, 36.478549181, NULL);
INSERT INTO `czdlxxb` VALUES ('104.0009', '湖北省宜昌市三峡', 146.986778698, 42.101568060, NULL);
INSERT INTO `czdlxxb` VALUES ('104.001', '湖北省宜昌市三峡', 167.129550843, 33.516624721, NULL);
INSERT INTO `czdlxxb` VALUES ('104.0011', '湖北省宜昌市三峡', 116.813012881, 42.403270624, NULL);
INSERT INTO `czdlxxb` VALUES ('104.0012', '湖北省宜昌市三峡', 139.272724315, 44.013681253, NULL);
INSERT INTO `czdlxxb` VALUES ('104.0013', '湖北省宜昌市三峡', 175.702753671, 27.655436569, NULL);
INSERT INTO `czdlxxb` VALUES ('104.0014', '湖北省宜昌市三峡', 161.280584818, 18.435481289, NULL);
INSERT INTO `czdlxxb` VALUES ('104.0015', '湖北省宜昌市三峡', 182.379530425, 43.913354772, NULL);
INSERT INTO `czdlxxb` VALUES ('104.0016', '湖北省宜昌市三峡', 101.840414318, 41.021526484, NULL);
INSERT INTO `czdlxxb` VALUES ('104.0017', '湖北省宜昌市三峡', 170.573746617, 28.401124292, NULL);
INSERT INTO `czdlxxb` VALUES ('104.0018', '湖北省宜昌市三峡', 108.184399326, 45.764847792, NULL);
INSERT INTO `czdlxxb` VALUES ('104.0019', '湖北省宜昌市三峡', 194.093966392, 37.241852496, NULL);
INSERT INTO `czdlxxb` VALUES ('104.002', '湖北省宜昌市三峡', 185.103688545, 29.993167105, NULL);
INSERT INTO `czdlxxb` VALUES ('104.0021', '湖北省宜昌市三峡', 109.715523158, 31.278801155, NULL);
INSERT INTO `czdlxxb` VALUES ('104.0022', '湖北省宜昌市三峡', 164.019164877, 41.330615493, NULL);
INSERT INTO `czdlxxb` VALUES ('104.0023', '湖北省宜昌市三峡', 113.349676359, 21.516887555, NULL);
INSERT INTO `czdlxxb` VALUES ('104.0024', '湖北省宜昌市三峡', 109.351176159, 33.424728136, NULL);
INSERT INTO `czdlxxb` VALUES ('104.0025', '湖北省宜昌市三峡', 135.857539537, 19.707307534, NULL);
INSERT INTO `czdlxxb` VALUES ('104.0026', '湖北省宜昌市三峡', 183.760681641, 45.573371638, NULL);
INSERT INTO `czdlxxb` VALUES ('104.0027', '湖北省宜昌市三峡', 151.569717118, 21.479064272, NULL);
INSERT INTO `czdlxxb` VALUES ('104.0028', '湖北省宜昌市三峡', 190.520768088, 34.581447383, NULL);
INSERT INTO `czdlxxb` VALUES ('104.0029', '湖北省宜昌市三峡', 102.562457428, 44.380327278, NULL);
INSERT INTO `czdlxxb` VALUES ('104.003', '湖北省宜昌市三峡', 136.586814217, 43.929429954, NULL);
INSERT INTO `czdlxxb` VALUES ('104.0031', '湖北省宜昌市三峡', 115.163300483, 28.215099432, NULL);
INSERT INTO `czdlxxb` VALUES ('104.0032', '湖北省宜昌市三峡', 153.301894727, 41.249149916, NULL);
INSERT INTO `czdlxxb` VALUES ('104.0033', '湖北省宜昌市三峡', 131.477900231, 44.114306768, NULL);
INSERT INTO `czdlxxb` VALUES ('104.0034', '湖北省宜昌市三峡', 168.872638727, 20.084874078, NULL);
INSERT INTO `czdlxxb` VALUES ('104.0035', '湖北省宜昌市三峡', 186.527416114, 28.498698440, NULL);
INSERT INTO `czdlxxb` VALUES ('104.0036', '湖北省宜昌市三峡', 100.376139510, 30.354673087, NULL);
INSERT INTO `czdlxxb` VALUES ('104.0037', '湖北省宜昌市三峡', 194.271434532, 37.456852766, NULL);
INSERT INTO `czdlxxb` VALUES ('104.0038', '湖北省宜昌市三峡', 130.295468102, 22.057244760, NULL);
INSERT INTO `czdlxxb` VALUES ('104.0039', '湖北省宜昌市三峡', 151.884329379, 25.843584751, NULL);
INSERT INTO `czdlxxb` VALUES ('104.004', '湖北省宜昌市三峡', 113.570018239, 41.492234474, NULL);
INSERT INTO `czdlxxb` VALUES ('104.0041', '湖北省宜昌市三峡', 124.433777443, 36.705515823, NULL);
INSERT INTO `czdlxxb` VALUES ('104.0042', '湖北省宜昌市三峡', 144.005737641, 18.058893235, NULL);
INSERT INTO `czdlxxb` VALUES ('104.0043', '湖北省宜昌市三峡', 191.297914792, 33.663497326, NULL);
INSERT INTO `czdlxxb` VALUES ('104.0044', '湖北省宜昌市三峡', 166.689631898, 42.275974956, NULL);
INSERT INTO `czdlxxb` VALUES ('104.0045', '湖北省宜昌市三峡', 161.132913510, 28.007675508, NULL);
INSERT INTO `czdlxxb` VALUES ('104.0046', '湖北省宜昌市三峡', 101.115429714, 45.272369853, NULL);
INSERT INTO `czdlxxb` VALUES ('104.0047', '湖北省宜昌市三峡', 164.855949355, 45.628886265, NULL);
INSERT INTO `czdlxxb` VALUES ('104.0048', '湖北省宜昌市三峡', 123.392973380, 41.192433457, NULL);
INSERT INTO `czdlxxb` VALUES ('230624', '江苏省南京市河海大学', 116.813012881, 42.403270624, NULL);
INSERT INTO `czdlxxb` VALUES ('230625', '湖北省宜昌市三', 116.813012882, 42.403270625, NULL);
INSERT INTO `czdlxxb` VALUES ('60106800', '湖北省宜昌市三峡', 133.122355883, 23.396445665, NULL);
INSERT INTO `czdlxxb` VALUES ('60106860', '湖北省宜昌市三峡', 0.856092015, 29.228356330, NULL);
INSERT INTO `czdlxxb` VALUES ('60106900', '湖北省宜昌市三峡', 112.962006996, 5.154550007, NULL);
INSERT INTO `czdlxxb` VALUES ('60107000', '湖北省宜昌市三峡', 114.617580326, 18.063353618, NULL);
INSERT INTO `czdlxxb` VALUES ('60107040', '湖北省宜昌市三峡', 137.316627187, 16.376208832, NULL);
INSERT INTO `czdlxxb` VALUES ('60107070', '湖北省宜昌市三峡', 112.801588890, 10.621704294, NULL);
INSERT INTO `czdlxxb` VALUES ('60107080', '湖北省宜昌市三峡', 139.009962299, 8.114343976, NULL);
INSERT INTO `czdlxxb` VALUES ('60107100', '湖北省宜昌市三峡', 102.762171856, 5.865152827, NULL);
INSERT INTO `czdlxxb` VALUES ('60107110', '湖北省宜昌市三峡', 159.619461509, 5.788566792, NULL);
INSERT INTO `czdlxxb` VALUES ('60107120', '湖北省宜昌市三峡', 114.753847202, 17.685797190, NULL);
INSERT INTO `czdlxxb` VALUES ('60107170', '湖北省宜昌市三峡', 59.417696533, 25.477255906, NULL);
INSERT INTO `czdlxxb` VALUES ('60107265', '湖北省宜昌市三峡', 152.837990334, 10.091804949, NULL);
INSERT INTO `czdlxxb` VALUES ('60107270', '湖北省宜昌市三峡', 143.327868414, 4.557271330, NULL);
INSERT INTO `czdlxxb` VALUES ('60107300', '湖北省宜昌市三峡', 17.387560056, 29.827251079, NULL);
INSERT INTO `czdlxxb` VALUES ('60107310', '湖北省宜昌市三峡', 116.292117349, 7.857046201, NULL);
INSERT INTO `czdlxxb` VALUES ('60107315', '湖北省宜昌市三峡', 175.798343875, 15.046680984, NULL);
INSERT INTO `czdlxxb` VALUES ('60107320', '湖北省宜昌市三峡', 118.210301614, 1.182118966, NULL);
INSERT INTO `czdlxxb` VALUES ('60107330', '湖北省宜昌市三峡', 159.808395710, 0.936663465, NULL);
INSERT INTO `czdlxxb` VALUES ('60107335', '湖北省宜昌市三峡', 156.245729954, 15.189495731, NULL);
INSERT INTO `czdlxxb` VALUES ('60107340', '湖北省宜昌市三峡', 192.780272150, 10.949558071, NULL);
INSERT INTO `czdlxxb` VALUES ('60180200', '湖北省宜昌市三峡', 8.470877589, 8.718717319, NULL);
INSERT INTO `czdlxxb` VALUES ('60180205', '湖北省宜昌市三峡', 59.414283963, 21.827073082, NULL);
INSERT INTO `czdlxxb` VALUES ('60190050', '湖北省宜昌市三峡', 12.240616957, 2.258265126, NULL);
INSERT INTO `czdlxxb` VALUES ('60514310', '湖北省宜昌市三峡', 185.212449569, 21.779231762, NULL);
INSERT INTO `czdlxxb` VALUES ('60514390', '湖北省宜昌市三峡', 111.694533883, 12.134397945, NULL);
INSERT INTO `czdlxxb` VALUES ('60540350', '湖北省宜昌市三峡', 150.080670348, 14.060018643, NULL);
INSERT INTO `czdlxxb` VALUES ('60980100', '湖北省宜昌市三峡', 111.234600000, 30.340400000, NULL);
INSERT INTO `czdlxxb` VALUES ('60980200', '湖北省宜昌市三峡', 109.446848083, 23.544234874, NULL);
INSERT INTO `czdlxxb` VALUES ('675000', '湖北省宜昌市三', 116.813012882, 42.403270625, NULL);

-- ----------------------------
-- Table structure for czglxxygb
-- ----------------------------
DROP TABLE IF EXISTS `czglxxygb`;
CREATE TABLE `czglxxygb`  (
  `STCD` char(8) CHARACTER SET utf8mb4 COLLATE utf8mb4_0900_ai_ci NOT NULL,
  `BGTM` date NULL DEFAULT NULL,
  `ENDTM` date NULL DEFAULT NULL,
  `RVCD` char(8) CHARACTER SET utf8mb4 COLLATE utf8mb4_0900_ai_ci NOT NULL,
  `ADDVCD` char(6) CHARACTER SET utf8mb4 COLLATE utf8mb4_0900_ai_ci NOT NULL,
  `WRRGCD` char(7) CHARACTER SET utf8mb4 COLLATE utf8mb4_0900_ai_ci NULL DEFAULT NULL,
  `WFRCD` char(14) CHARACTER SET utf8mb4 COLLATE utf8mb4_0900_ai_ci NULL DEFAULT NULL,
  `ADMNSTCD` char(10) CHARACTER SET utf8mb4 COLLATE utf8mb4_0900_ai_ci NULL DEFAULT NULL,
  `MNAG` char(10) CHARACTER SET utf8mb4 COLLATE utf8mb4_0900_ai_ci NULL DEFAULT NULL,
  `NT` char(200) CHARACTER SET utf8mb4 COLLATE utf8mb4_0900_ai_ci NULL DEFAULT NULL,
  PRIMARY KEY (`STCD`) USING BTREE,
  INDEX `1`(`RVCD`) USING BTREE,
  CONSTRAINT `河流` FOREIGN KEY (`RVCD`) REFERENCES `hljbxxb` (`RVCD`) ON DELETE CASCADE ON UPDATE CASCADE
) ENGINE = InnoDB CHARACTER SET = utf8mb4 COLLATE = utf8mb4_0900_ai_ci ROW_FORMAT = Dynamic;

-- ----------------------------
-- Records of czglxxygb
-- ----------------------------
INSERT INTO `czglxxygb` VALUES ('230624', '2004-08-15', '2023-10-28', '123312', '123455', NULL, NULL, NULL, NULL, NULL);
INSERT INTO `czglxxygb` VALUES ('230625', '2004-08-16', '2023-06-28', '123311', '123456', NULL, NULL, NULL, NULL, NULL);
INSERT INTO `czglxxygb` VALUES ('60106800', '2005-02-20', '2022-11-20', '20105060', '648259', '2134958', '23011548462310', '2005698723', '3654870145', NULL);
INSERT INTO `czglxxygb` VALUES ('60106860', '2005-01-26', '2022-10-26', '20105060', '648259', '2134958', '23011548462310', '2005698723', '3654870145', NULL);
INSERT INTO `czglxxygb` VALUES ('60106900', '2005-02-17', '2022-11-17', '20105060', '648259', '2134958', '23011548462310', '2005698723', '3654870145', NULL);
INSERT INTO `czglxxygb` VALUES ('60107000', '2005-02-18', '2022-11-18', '20105060', '648259', '2134958', '23011548462310', '2005698723', '3654870145', NULL);
INSERT INTO `czglxxygb` VALUES ('60107040', '2005-02-12', '2022-11-12', '20105060', '648259', '2134958', '23011548462310', '2005698723', '3654870145', NULL);
INSERT INTO `czglxxygb` VALUES ('60107070', '2005-02-23', '2022-11-23', '20105060', '648259', '2134958', '23011548462310', '2005698723', '3654870145', NULL);
INSERT INTO `czglxxygb` VALUES ('60107080', '2005-02-14', '2022-11-14', '20105060', '648259', '2134958', '23011548462310', '2005698723', '3654870145', NULL);
INSERT INTO `czglxxygb` VALUES ('60107100', '2005-01-25', '2022-10-25', '20105060', '648259', '2134958', '23011548462310', '2005698723', '3654870145', NULL);
INSERT INTO `czglxxygb` VALUES ('60107110', '2005-02-22', '2022-11-22', '20105060', '648259', '2134958', '23011548462310', '2005698723', '3654870145', NULL);
INSERT INTO `czglxxygb` VALUES ('60107120', '2005-02-13', '2022-11-13', '20105060', '648259', '2134958', '23011548462310', '2005698723', '3654870145', NULL);
INSERT INTO `czglxxygb` VALUES ('60107170', '2005-01-27', '2022-10-27', '20105060', '648259', '2134958', '23011548462310', '2005698723', '3654870145', NULL);
INSERT INTO `czglxxygb` VALUES ('60107265', '2005-02-05', '2022-11-05', '20105060', '648259', '2134958', '23011548462310', '2005698723', '3654870145', NULL);
INSERT INTO `czglxxygb` VALUES ('60107270', '2005-02-21', '2022-11-21', '20105060', '648259', '2134958', '23011548462310', '2005698723', '3654870145', NULL);
INSERT INTO `czglxxygb` VALUES ('60107300', '2005-01-29', '2022-10-29', '20105060', '648259', '2134958', '23011548462310', '2005698723', '3654870145', NULL);
INSERT INTO `czglxxygb` VALUES ('60107310', '2005-02-06', '2022-11-06', '20105060', '648259', '2134958', '23011548462310', '2005698723', '3654870145', NULL);
INSERT INTO `czglxxygb` VALUES ('60107315', '2005-02-07', '2022-11-07', '20105060', '648259', '2134958', '23011548462310', '2005698723', '3654870145', NULL);
INSERT INTO `czglxxygb` VALUES ('60107320', '2005-02-08', '2022-11-08', '20105060', '648259', '2134958', '23011548462310', '2005698723', '3654870145', NULL);
INSERT INTO `czglxxygb` VALUES ('60107330', '2005-02-09', '2022-11-09', '20105060', '648259', '2134958', '23011548462310', '2005698723', '3654870145', NULL);
INSERT INTO `czglxxygb` VALUES ('60107335', '2005-02-10', '2022-11-10', '20105060', '648259', '2134958', '23011548462310', '2005698723', '3654870145', NULL);
INSERT INTO `czglxxygb` VALUES ('60107340', '2005-02-11', '2022-11-11', '20105060', '648259', '2134958', '23011548462310', '2005698723', '3654870145', NULL);
INSERT INTO `czglxxygb` VALUES ('60190050', '2005-01-30', '2022-10-30', '20105060', '648259', '2134958', '23011548462310', '2005698723', '3654870145', NULL);
INSERT INTO `czglxxygb` VALUES ('60514310', '2005-02-16', '2022-11-16', '20105060', '648259', '2134958', '23011548462310', '2005698723', '3654870145', NULL);
INSERT INTO `czglxxygb` VALUES ('60514390', '2005-02-15', '2022-11-15', '20105060', '648259', '2134958', '23011548462310', '2005698723', '3654870145', NULL);
INSERT INTO `czglxxygb` VALUES ('60540350', '2005-02-24', '2022-11-24', '20105060', '648259', '2134958', '23011548462310', '2005698723', '3654870145', NULL);
INSERT INTO `czglxxygb` VALUES ('60980100', '2005-01-31', '2022-10-31', '20105060', '648259', '2134958', '23011548462310', '2005698723', '3654870145', NULL);
INSERT INTO `czglxxygb` VALUES ('60980200', '2005-02-01', '2022-11-01', '20105060', '648259', '2134958', '23011548462310', '2005698723', '3654870145', NULL);

-- ----------------------------
-- Table structure for czylb
-- ----------------------------
DROP TABLE IF EXISTS `czylb`;
CREATE TABLE `czylb`  (
  `STCD` char(8) CHARACTER SET utf8mb4 COLLATE utf8mb4_0900_ai_ci NOT NULL,
  `STNM` char(30) CHARACTER SET utf8mb4 COLLATE utf8mb4_0900_ai_ci NOT NULL,
  `STTP` char(4) CHARACTER SET utf8mb4 COLLATE utf8mb4_0900_ai_ci NULL DEFAULT NULL,
  `NT` varchar(200) CHARACTER SET utf8mb4 COLLATE utf8mb4_0900_ai_ci NULL DEFAULT NULL,
  PRIMARY KEY (`STCD`, `STNM`) USING BTREE,
  CONSTRAINT `测站编码` FOREIGN KEY (`STCD`) REFERENCES `czglxxygb` (`STCD`) ON DELETE CASCADE ON UPDATE CASCADE
) ENGINE = InnoDB CHARACTER SET = utf8mb4 COLLATE = utf8mb4_0900_ai_ci ROW_FORMAT = Dynamic;

-- ----------------------------
-- Records of czylb
-- ----------------------------
INSERT INTO `czylb` VALUES ('230624', '河海大学', '1035', NULL);
INSERT INTO `czylb` VALUES ('60106860', '庙河', '1070', NULL);
INSERT INTO `czylb` VALUES ('60106900', '太平溪㈡', '1070', NULL);
INSERT INTO `czylb` VALUES ('60107000', '茅坪㈡', '1070', NULL);
INSERT INTO `czylb` VALUES ('60107040', 'SW07', '1070', NULL);
INSERT INTO `czylb` VALUES ('60107070', '中隔岛', '1070', NULL);
INSERT INTO `czylb` VALUES ('60107080', '箱涵出口', '1070', NULL);
INSERT INTO `czylb` VALUES ('60107100', '三斗坪㈡', '1070', NULL);
INSERT INTO `czylb` VALUES ('60107110', '覃家沱㈡', '1070', NULL);
INSERT INTO `czylb` VALUES ('60107120', '西陵桥（右）', '1070', NULL);
INSERT INTO `czylb` VALUES ('60107170', '黄陵庙（陡）', '1070', NULL);
INSERT INTO `czylb` VALUES ('60107265', '李家河', '1070', NULL);
INSERT INTO `czylb` VALUES ('60107270', '庙咀', '1070', NULL);
INSERT INTO `czylb` VALUES ('60107300', '宜昌', '1070', NULL);
INSERT INTO `czylb` VALUES ('60107310', '宝塔河', '1070', NULL);
INSERT INTO `czylb` VALUES ('60107315', '胭脂坝', '1070', NULL);
INSERT INTO `czylb` VALUES ('60107320', '艾家镇', '1070', NULL);
INSERT INTO `czylb` VALUES ('60107330', '磨盘溪', '1070', NULL);
INSERT INTO `czylb` VALUES ('60107335', '虎牙滩', '1070', NULL);
INSERT INTO `czylb` VALUES ('60107340', '杨家咀', '1070', NULL);
INSERT INTO `czylb` VALUES ('60190050', '宜昌', '1070', NULL);
INSERT INTO `czylb` VALUES ('60514310', '香溪河口', '170', NULL);
INSERT INTO `czylb` VALUES ('60514390', '青港河口', '1070', NULL);
INSERT INTO `czylb` VALUES ('60540350', '宜昌蒸发', '1070', NULL);
INSERT INTO `czylb` VALUES ('60980100', '晓溪塔', '1070', NULL);
INSERT INTO `czylb` VALUES ('60980200', '夜明珠', '1070', NULL);

-- ----------------------------
-- Table structure for hljbxxb
-- ----------------------------
DROP TABLE IF EXISTS `hljbxxb`;
CREATE TABLE `hljbxxb`  (
  `RVCD` char(8) CHARACTER SET utf8mb4 COLLATE utf8mb4_0900_ai_ci NOT NULL,
  `RVNM` char(32) CHARACTER SET utf8mb4 COLLATE utf8mb4_0900_ai_ci NOT NULL,
  `HNNM` char(32) CHARACTER SET utf8mb4 COLLATE utf8mb4_0900_ai_ci NOT NULL,
  `BSHNNM` char(32) CHARACTER SET utf8mb4 COLLATE utf8mb4_0900_ai_ci NULL DEFAULT NULL,
  `NT` char(200) CHARACTER SET utf8mb4 COLLATE utf8mb4_0900_ai_ci NULL DEFAULT NULL,
  PRIMARY KEY (`RVCD`) USING BTREE
) ENGINE = InnoDB CHARACTER SET = utf8mb4 COLLATE = utf8mb4_0900_ai_ci ROW_FORMAT = Dynamic;

-- ----------------------------
-- Records of hljbxxb
-- ----------------------------
INSERT INTO `hljbxxb` VALUES ('', '', '', NULL, NULL);
INSERT INTO `hljbxxb` VALUES ('123311', '太平洋', '中央水系', NULL, NULL);
INSERT INTO `hljbxxb` VALUES ('123312', '河海', '河海水系', NULL, NULL);
INSERT INTO `hljbxxb` VALUES ('20001000', '长江', '长江水系', '长江流域', NULL);
INSERT INTO `hljbxxb` VALUES ('20105060', '黄河', '黄河水系', '黄河流域', NULL);
INSERT INTO `hljbxxb` VALUES ('654', '太平洋', '中央水系', NULL, NULL);

-- ----------------------------
-- Table structure for smzflgccxxb
-- ----------------------------
DROP TABLE IF EXISTS `smzflgccxxb`;
CREATE TABLE `smzflgccxxb`  (
  `HYEVEA` char(20) CHARACTER SET utf8mb4 COLLATE utf8mb4_0900_ai_ci NOT NULL,
  `CHDAY` date NULL DEFAULT NULL,
  `CHGCND` char(10) CHARACTER SET utf8mb4 COLLATE utf8mb4_0900_ai_ci NULL DEFAULT NULL,
  `ESLCCH` char(4) CHARACTER SET utf8mb4 COLLATE utf8mb4_0900_ai_ci NULL DEFAULT NULL,
  `EETP` char(30) CHARACTER SET utf8mb4 COLLATE utf8mb4_0900_ai_ci NULL DEFAULT NULL,
  `NBTPG` varchar(200) CHARACTER SET utf8mb4 COLLATE utf8mb4_0900_ai_ci NULL DEFAULT NULL,
  `ARSTOB` varchar(200) CHARACTER SET utf8mb4 COLLATE utf8mb4_0900_ai_ci NULL DEFAULT NULL,
  `ADMNST` char(10) CHARACTER SET utf8mb4 COLLATE utf8mb4_0900_ai_ci NULL DEFAULT NULL,
  `NT` varchar(200) CHARACTER SET utf8mb4 COLLATE utf8mb4_0900_ai_ci NULL DEFAULT NULL,
  PRIMARY KEY (`HYEVEA`) USING BTREE
) ENGINE = InnoDB CHARACTER SET = utf8mb4 COLLATE = utf8mb4_0900_ai_ci ROW_FORMAT = Dynamic;

-- ----------------------------
-- Records of smzflgccxxb
-- ----------------------------
INSERT INTO `smzflgccxxb` VALUES ('2.01050689145569e+19', '2010-12-23', '无明显变化', '1000', 'E-601B、20㎡蒸发池、80cm蒸发盆、20cm蒸发皿', '无', '无', '2005698723', NULL);

-- ----------------------------
-- Table structure for smzflgccygb
-- ----------------------------
DROP TABLE IF EXISTS `smzflgccygb`;
CREATE TABLE `smzflgccygb`  (
  `STCD` char(8) CHARACTER SET utf8mb4 COLLATE utf8mb4_0900_ai_ci NOT NULL,
  `HYEVEA` char(20) CHARACTER SET utf8mb4 COLLATE utf8mb4_0900_ai_ci NOT NULL,
  `CHDAY` date NULL DEFAULT NULL,
  `NT` varchar(200) CHARACTER SET utf8mb4 COLLATE utf8mb4_0900_ai_ci NULL DEFAULT NULL,
  PRIMARY KEY (`STCD`) USING BTREE,
  INDEX `1`(`HYEVEA`) USING BTREE,
  CONSTRAINT `1` FOREIGN KEY (`HYEVEA`) REFERENCES `smzflgccxxb` (`HYEVEA`) ON DELETE CASCADE ON UPDATE CASCADE
) ENGINE = InnoDB CHARACTER SET = utf8mb4 COLLATE = utf8mb4_0900_ai_ci ROW_FORMAT = Dynamic;

-- ----------------------------
-- Records of smzflgccygb
-- ----------------------------
INSERT INTO `smzflgccygb` VALUES ('60540350', '2.01050689145569e+19', '2010-12-23', NULL);

SET FOREIGN_KEY_CHECKS = 1;

# 管理员表
DROP TABLE IF EXISTS `administrator`;
create table administrator
(
    id       int auto_increment
        primary key,
    username varchar(20)   not null comment '用户名',
    password varchar(20)   not null comment '密码',
    level    int default 1 not null comment '权限等级',
    constraint administrator_pk
        unique (username)
);

# 管理员数据
insert into administrator(username, password, level) values ('root', '123456', 2), ('zhangsan', '0123456', 1);
